werk_signatur_id,werk_signatur
3c190bce-22f6-4bbd-9f4b-24d42c77a8d1,1914-003
96a88316-ef26-4faa-b001-651c1f218538,1891-003
908795f4-eb6e-4c49-880c-92718adfd1a4,1926-007
01d80933-e490-4e9a-8a71-7f796d6d365c,1888-003
70f9400e-bf4f-407c-b71d-45b15f67e595,1899-101
ae40031a-b549-4127-a955-01ab0e2bdc45,1908-009
e297e137-8df5-4ec1-bfcc-a45e54f401f9,1906-002
a4908c49-81c2-4c09-a2fa-ddb732d114ee,1914-009
e72c4fda-e8c2-4c01-8e92-c1a7403d6539,1909-005
d241cc76-5a82-4857-ac73-a780211c8a3b,1888-029
2748d230-5b9f-4a6f-915d-0465e1bb60ab,1896-004
97ac4336-9d8a-410f-92c8-0a55b8eed906,1909-006
106e9f85-95dc-433f-9eaf-c12016fb787b,1912-011
c810a6f3-58e5-48f9-bfca-b904d9ccb86b,1915-009
176e7e74-8848-45ba-a556-0aa884a942ca,1911-019
f19d3d72-1452-40f2-a3e1-4974ef393efc,1910-013
41bd2e8b-2a35-4b7a-b510-a14e49492aa1,1924-007
4876b80c-de23-46e3-a422-87d05891aad2,1936-005
d0744757-291a-45fa-918e-1fea3ccf0de0,1931-003
28411018-c364-439b-b300-e0e2447ab270,1930-002
f4780738-feb8-4419-8a12-f13701599731,1936-002
7702f7fa-7b66-476d-9139-33b76cd58c93,1930-003
8ab244b1-d346-474a-8c7b-f8b545c2ea60,1934-002
556eae63-aa83-42ca-98f4-cc0b667fc18e,1932-004
22272342-bf02-440b-a7f5-c7123f54d826,1919-012
d9b53006-419b-40d4-85a2-79b546beec99,1930-011
fe275348-e16c-4744-b37b-e9c5a4907867,1934-001
e5f18fdf-0c0c-479a-80ef-5739fdb48e47,1921-006
62bb6ec2-b190-4994-9d2d-e83a71a261a5,1920-007
2bef1b99-05d0-4491-bb61-e1f6e33a27da,1939-003
98b6947f-6010-415f-a3a8-fecf56d0268d,1913-006
96b921a9-ca48-4863-8de4-96cb6ac749ad,1934-003
0b95b3dc-0ed0-4faa-bf57-57058fd02c99,1871-101
92e48900-8b5d-4e1b-8127-596b1d78dc8d,1876-151
12eb15b7-13f6-417c-aac7-20b76c4c9c99,1875-101
6177d83b-a17e-4e75-98b9-85cf47bc7b80,1877-001
72b6b6b1-e0c6-466e-89ce-f73511e742b8,1877-002
09760f68-eff0-4aa3-ad61-ad8fc93e1628,1878-001
8f6c69c9-0ef5-4246-a644-54327b71388c,1879-001
efed27f9-7f15-4390-908d-dc9aa5a76332,1880-191
cd788749-2d32-4806-a14f-76669d535f93,1880-192
0a6049d4-0001-457d-b44d-6aab8dad5a1b,1880-193
d0471ffd-8c16-4c0b-8161-f7917e0f4d84,1880-194
19236b79-c949-4b5f-af70-35a0e07c2961,1881-001
a2c63ac6-cfb2-4e64-8971-699219ffa528,1882-001
a8b53841-cbcc-4ae9-87c3-4b3cf5afe3be,1893-007
fd28f771-bfea-4bad-829c-e0da45dd42d2,1893-008
b4b5fdd3-e707-42ac-8650-636a2936c5ab,1895-131
84ad0310-22ce-4cce-a4a6-31d3b410fa6e,1895-132
c61a5b2e-45e3-4545-b199-417910476df9,1895-101
9c957b0e-19b7-4838-9c04-e04d43eee323,1895-121
9ecd31e0-6bd4-421b-bfc7-ee32b8940a02,1895-102
dca1528c-3638-499c-a121-bbc2df75f513,1895-103
c77a849d-6bf7-41d0-ba93-94a85d85083c,1895-104
fe79dc3e-e19b-406c-9f9b-45d0e33c6b2a,1895-105
e5de1f49-fd1e-4eb1-b143-a77ee67ff6fc,1895-001
f1846623-e47d-4ce0-af94-3eecce05339d,1895-002
efa03813-8633-4e51-8b73-64e113120932,1895-003
c0f43d0b-c5f8-45c7-9da9-4eac4c01c50a,1895-004
f2aaa947-a742-4815-8d55-cedc08d9fcf3,1895-005
1ec660bb-8570-4fd4-91f6-719369eacdb1,1895-006
04ec604f-caa0-426d-930f-3cfe5c13e583,1895-007
1f269cac-f0e7-470f-bb7a-1f3dc20ec84b,1895-008
00b361ff-881e-4035-8234-c7df75dd6b5d,1895-009
151ff218-de5c-41bb-980b-c1da4e63f7ae,1895-010
992dd70f-79d1-4ef7-aa71-da73d28fc2f3,1895-011
d1881e78-b626-4459-887e-7f2e65d81bef,1896-001
7f387d7b-6142-4a91-917a-13aaf570285c,1896-002
df82cb2c-1247-46fc-a547-d14ca8594160,1896-003
7d90a425-7717-4c6a-a325-f48732f3e710,1898-001
a7dddd6a-cd84-47d4-969d-64ddd7139146,1896-101
ba278d0d-0177-4134-ae81-67c558046f37,1896-131
a440128d-096e-4de5-9643-eeb08ed4e464,1896-132
f5d0db19-089c-4099-8c63-9153f64265e6,1897-101
dc96a163-928b-47aa-be13-97f06aa32bf8,1897-102
0a76ba75-1425-45ae-9258-c07884a40670,1897-103
16f26e22-6ba7-4730-9762-9fd463778b64,1897-104
90697449-917f-4a6f-9c4c-8b67a87f2913,1897-001
61f37c97-d2df-4c08-ab49-6375269eed80,1897-002
8b128989-b34b-4da1-9a3c-ca23f140c69f,1897-161
f72f2413-eb3f-499d-879e-58fc10b69d44,1898-002
ebf8c83a-b302-49ba-8aff-2c5faac51da7,1898-121
1fb05e0c-1338-4cea-aca3-8c254dfad459,1899-102
6410a346-f965-4d44-9687-45c2eb4838b6,1899-001
f456cf38-7cef-44e7-ad60-13c459619c5e,1899-121
7d23a454-abd7-4df2-96c2-d7e9dd92423f,1899-141
b41da125-761b-4ea7-af2b-86b3edaca24b,1898-1900
3baf5fcf-dc0a-4db6-ad25-21eb0244795c,1900-001
4e47b26e-9d15-4a00-9efd-871aa8b00451,1900-121
6c59c691-609e-4235-93e4-66b2d11d5763,1900-122
27c27950-f6ba-4855-858e-ee58c4bb5cf1,1901-001
bc8c561d-c024-40bf-a735-4c2e21be8126,1901-002
f5ed3df7-e259-45a1-af9c-0d6236b077cd,1901-003
27d62746-2abf-42ea-b839-3e49fa81872a,1901-101
5cbf269e-bd45-4cef-b5bd-1ec8537735f6,1901-121
10df9402-2a2c-4893-aea6-d92ab7726e43,1902-122
adfb4312-22df-459d-8a0b-bc1bcd88267f,1902-121
128d354c-a790-4d17-97f9-bf87338f41b8,1903-001
3e6fe000-6c06-44fe-b597-04d540c6fb0c,1892-101
cd85932d-4376-49e4-8c50-c4722201c976,1892-102
56e62c7d-fe56-4e14-b988-c33632593b3c,1892-103
408b7b8a-9513-4972-b31b-a111d262895f,1892-191
0ec1e454-ec97-4244-90fa-4a0851d65ff0,1892-121
5908ac55-5647-4d05-81b6-ba36df57b858,1892-001
9257bb1b-6a66-4aa1-93ed-c4ca66b652bb,1892-002
85a33512-c154-484f-a2ef-841d382ef9e0,1892-003
c01a0a81-e762-4568-8496-5194da0707bb,1892-004
bb3f3cad-0243-49d1-ad82-882fff56c483,1892-005
5969d7e5-982b-4899-87d6-4568eb3bdb40,1892-131
cde72a0c-b680-402a-8f8b-1df1c2410952,192-132
be8a9d7d-1ed6-409f-9736-5f87934654b7,1904-005
d7114825-6ff2-4610-9585-6ba2058f65a0,1880-203
c276bec0-ca74-434e-9783-6d2ca9eed8cd,1880-201
62434d83-b14d-4d16-82c6-5dc648c5dd26,1880-202
599fba85-3e91-4986-a431-f99846461470,1885-151
61c426be-0700-4bb5-b923-d5e2949a93cc,1883-111
40250bb5-796f-49be-884a-5af430939460,1883-151
bd8b93fd-5da2-42e2-ae45-01facd63b395,1903-101
c88ff6a3-32c1-43ef-9249-80d99611edad,1903-131
1c0c99c3-00b3-4e07-8866-b3dcc86f208c,1903-301
6260d8c1-ef5a-450d-ac0b-16f09c48ad1a,1904-211
6d389d4e-5c78-4b85-95e8-2f41bc7d580b,1904-131
e6964eb8-8d5b-4c30-afd9-a0e0a93f91f5,103-121
d91f350e-cd29-40ed-b779-043e4ae7fa7e,1904-002
7c4c1003-170a-4956-b4f6-5eef2427d368,1904-006
6a8730f9-e8a0-4441-a5c2-e82ef69cb872,1904-004
f365d70c-1704-4ef7-ba94-c4dbbac22f4f,1904-122
18a02e53-5818-48d6-ad07-c3297fbb34ca,1905-001
4a2e01dd-ea44-4531-bda1-7f07d457ff3b,1905-121
269c5b49-4f63-49ee-ab5b-4197e60f3324,1905-101
95d6c400-9d57-4b77-9c88-a123cde35a67,1905-141
ea6c79c9-57e2-439a-a4fc-7dbd34810744,1905-102
3454d1bf-14e3-448e-9cc1-2fc4cf3e14d6,1903-121
ad445b52-6cd2-4917-b730-c392baa6acfe,1904-003
e3953f42-4eef-4f7b-91fc-74410a893393,1905-131
59811db2-ca1f-4f8b-848c-df72677ccc52,1905-002
a7d3ae1a-1c88-479e-80aa-24a4887244d5,1905-003
3c250933-2526-433d-ba3c-0e09166f096d,1905-004
2deecd4f-b8d4-428b-b6ef-851f823e11f1,1905-005
6c5c3079-856f-4065-b317-07389cb56a15,1905-006
a3885858-354e-45e8-8100-4602a55d1715,1905-007
a45b95c1-89be-4c7f-9a46-e4ef03c7bc0b,1905-008
0f9e455c-8689-4f02-8ecd-57b994e01353,1920-141
3871aada-be72-4cd3-94b3-b484cbb2f242,1920-131
0e598eb1-7e94-4762-b173-878babcb6132,1920-132
c65bf06b-7507-4fe1-b6e0-b4bf081f1074,1920-001
91f4ea07-c18b-4092-9098-466c89617226,1920-002
39611fb6-521e-496c-81ee-9fe4ec7fa677,1920-003
3df0e147-e831-4b40-b4a4-dba16239ca13,1920-004
075dff32-fa65-40f6-8547-734bfd85d524,1920-005
91e0babf-7fe1-4900-bd5e-a3710ec02615,1920-010
7f5ba2ef-9f1a-40b9-b648-4d14555f28bc,1921-101
f4851bb1-bb69-4636-8d4b-9a55a05085a8,1921-001
d592ffe7-dc40-4c37-91b1-fd55ab776609,1921-002
61a6216a-04bd-486e-b723-60823090b286,1921-003
0e34cce9-d81e-43db-a4fc-9ce9798f3200,1921-004
60d39f71-efd1-490d-8c65-bc5b1af33481,1921-005
f545912e-34f1-4f1d-980e-2939ba1e27ea,1922-101
0c8f626c-fc53-44ab-9793-1ee86f7b84c3,1922-211
0e36dded-5824-4873-ae4d-8d3520240578,1922-001
d594ebbb-3c7a-49cc-8ce2-fc518bdb133a,1922-002
d1594656-5660-4ffe-92ee-a1e0a8dfe58e,1922-003
1a4bae5a-49bc-4ccb-9768-198ce50d0bd2,1922-004
f183867d-c6a5-4818-affd-e600eceef0f5,1922-005
a8f28feb-b078-40ca-935e-7d2ac935f93f,1922-006
5197c092-4084-441f-b06b-5e4cc9c21633,1922-007
039c5be6-ab55-4c16-88ca-5721b9f143b9,1922-008
8eb4b08a-8da4-49d1-963a-3d264b07c253,1922-009
bd38c914-457d-4626-8857-21ce253333b0,1923-001
f33b2007-ee93-45b1-b199-41dd02452223,1923-002
20396575-fb19-48c7-82bb-545e76379f27,1923-003
1c77b42a-cad0-4938-9717-7b209cee9686,1923-004
a4a21642-7ece-4f51-9ed2-f2e56b1d8890,1923-005
497c858c-e1d0-4353-a765-4a65a30cb77a,1923-006
dc2a14d1-6dfd-4093-8cb5-6ec07f36aca4,1923-007
7c171cd4-cd13-4c33-90b5-0fc9e8005bd0,1923-008
ec3f9d64-68af-403d-8975-75c7247bd6c7,1923-009
db6da005-34cb-4481-bc17-067c2aaf2ab0,1923-171
85415360-1c5e-415e-bd03-da189ce64f8d,1923-211
41b879ff-d35e-4d9c-b3c8-9c28798da5f8,1923-131
87f8aa9c-6892-47c9-b1a8-bc2f360f09f1,1923-301
85b4d24b-7625-46cc-b5fb-aec3520d1ce8,1923-212
3552ac8a-d206-4840-9c8e-56a7a2bc67b2,1923-213
6d107068-6231-4db7-83a4-5801f96e4eae,1924-211
275a9889-3a59-4a99-bef1-b5f5d1fc82e2,1924-141
15d131dc-e725-4682-9bca-3c4cab02d0a1,1924-001
4dfc5d79-a851-4150-ad17-09b53d5967e9,1924-002
fd7943e9-6bc4-46ca-94ab-cb3503df7184,1924-003
1c18744a-ff71-46ac-b0a1-c139455a8aa3,1924-004
3b17f708-dbb8-4715-a757-b7b64e943970,1924-006
08dc5222-9658-42ee-9c3e-a2a2b4a6ba28,1925-211
81993106-0721-4ced-84f4-6a4d3846aa77,1925-001
6bbfd426-9bab-41f1-9d99-feed3368a00e,1925-012
2658a25e-7c09-4741-8074-b17981f22857,1925-011
befa736d-6abe-448c-92a6-90ffa0067c86,1925-010
86c3797f-dda4-40ad-b54e-e2fbdf552fa9,1925-009
87163967-5ae5-4270-b193-4090fcfda93d,1925-008
455476aa-a755-4a76-a589-58815eb7f558,1925-007
0ce002af-b27e-46f9-856a-9e74bfead9cf,1925-006
a8aabe85-b929-403f-ab3a-c04a5e7e5a40,1925-005
7d168569-f8be-4047-b2ab-3b7a75c21e75,1925-004
5b242a7e-d4bb-4959-a159-f01794f18644,1925-003
9a79547f-a855-45c8-8800-3a53b80189c5,1925-002
f1ac6564-8bf5-49f2-ba2b-6f0f5e0b7cac,1926-001
f531e197-c626-4b06-90fe-ec24f1ee4639,1926-002
60f858ee-da25-4c49-a62a-75c878e4aa7f,1926-012
996c7376-a68e-4b50-a84b-5ab1f366a013,1926-011
38f2eed4-a9ec-4dde-b723-c69d4866a9b7,1926-010
d418ae49-8c87-441c-91c8-507dee9cb881,1926-009
f4595450-17d4-4a7e-8531-6bea2ed3de3a,1926-008
7d13faa8-46a5-46b1-a399-df6dc65dd8e8,1926-006
c362c4be-887d-4b61-bdd2-62fae76a34ba,1926-005
7c6cc69f-eba8-4b0b-b2d3-d556ec0bcaa4,1926-004
6e5291ac-fa42-4af2-8cb4-eb182b98de51,1926-003
7baf6b93-e3e4-478e-b894-5cb9f05d8542,1926-201
8d3b26b2-b81a-49e9-bc39-752f23418aef,1926-301
e63812b3-affe-4525-9b87-d6bb22234cfe,1927-002
d3f2a291-f067-42f4-b6be-7e8bfca5fa32,1927-003
3b347d02-9c02-4a0f-8966-068ccee8ed36,1927-004
26783b79-68a6-4232-9cc8-b305094c70de,1927-005
c21f2c92-b1c3-4ffe-a299-6240567071a5,1927-006
85539ae6-ec77-4af5-a10d-56a740add361,1927-211
93025712-4015-4ccb-a358-1bcde7be2026,1927-008
d58ba07e-40c9-4c0c-8700-8bd6eac26788,1927-009
41175c67-662b-47e1-8bb5-438e76871330,1927-010
ae699f74-759e-4a5d-bfed-5664ca30ec77,1928-001
47925cfb-f4f4-4fbd-83e3-284afaeabaac,1927-212
279a86b5-06ae-4b45-90ee-b37dbaf6daa4,1927-213
4b0997b3-dffa-4f68-8609-54949f1829c0,1927-214
072623fb-4b4e-4a72-9124-3ea219838edc,1927-215
8337a062-6482-440a-8e7c-c34b776610bc,1927-216
7bc9a559-e4c2-4b41-aec5-c7fba7279fc9,1928-002
3c97c21c-1b6e-4e73-bf85-0e1c0be71122,1928-003
32421d3b-ce0b-47e9-91dd-5c12e1dc65bf,1928-004
b7096fa2-da2d-41e1-834b-4eba7103e6f7,1919-211
4234b7dc-d058-4072-bcc7-5c3eb86b3444,1929-101
e5d92dcb-ca6d-49dd-a70f-3de5fe2cd8c2,1929-212
bcb1cd8f-5bb2-4d2b-ac03-23e617b052e8,1929-001
49e9c1b0-2b77-406d-bf39-75f2ccd7012e,1929-002
51d8dff8-c924-4c67-b6d0-430169fc6f6a,1929-003
155da6b5-444e-4a28-a1e0-5eaa2e53671b,1929-004
b5035764-b67e-4259-bb15-743da7dc42c8,1930-004
dc8f1a47-ded8-488b-afb5-3567ce5b1d30,1930-131
be5ff614-2512-4783-a883-7f30e4c2c2a4,1930-001
a2a746ed-646c-4bb3-8a91-c52b222194d1,1930-005
f2878894-c948-47c6-9338-07bf4cecb78a,1930-006
e6383dfa-f97c-4b3f-86a0-31cc5a7d5264,1930-007
f8ddf2ec-dd5a-4db1-8274-c4b65d7ece0d,1930-008
df21504a-a968-44ea-a926-696c81567248,1930-009
2787d25b-58f8-4186-9af7-e9e370bbcfe7,1931-004
199a9e71-ebb8-4e6a-a69a-61cfbd1071f2,1931-005
4328b7ca-03ae-4045-bbbe-5d2332e88bfd,1931-001
12a0458d-02af-4613-86cf-0aa45523fc2a,1931-002
2a83ce23-3aa4-4bb2-8c83-f696281aca3b,1931-006
5e2de3da-71e3-4279-b7a7-0aebbe88d5a8,1932-001
840d9652-8313-4c8e-960b-1aa73defb3c2,1932-002
1b1f8328-8428-412c-b347-42d07364e64a,1932-003
85f227ac-f498-4d27-8f66-05cde9e84aad,1932-005
949adf30-48f5-44e2-b4cb-d04c985ccbfa,1932-006
0099949a-ec6d-4ee8-a2d0-50608bbb0313,1932-101
6492b627-665a-4745-beea-f76fbad0167b,1932-211
bb8dcc41-e242-427f-ac5e-c923f56fafcd,1832.212
68cb285f-43a4-4133-92cc-e701ef6f25c8,1932-213
de52cbab-94d7-4263-a0fa-7aa6d2d4ba8a,1933-001
cb5db3cd-0c5d-4ea1-b4ca-e7eaac469094,1933-002
057f3bf3-8b16-470e-a77c-aef45dcbd8f2,1933-003
107bf95d-0398-45aa-b47b-ebe4c9c2d074,1933-004
28e97ff4-1fef-437b-bc3b-7598d928ac6e,1935-161
efd2dd59-22b9-4f4a-b9c9-41cf8b2fb3c4,1935-211
4e9b7623-6800-450d-8e4a-42af2b18039e,1935-001
015d49ca-5ffe-470d-a221-695237e8182c,1935-002
541d3547-52aa-485d-97b0-f1de4a7494ed,1935-003
48e6c071-e205-4d05-83c1-4f96013e2c26,1935-004
df237c20-95e4-4b85-b821-cd2297b97d54,1935-005
d59cb801-fbe5-42bd-95df-335bd6ec6c5d,1936-001
017f620f-e3e9-4197-b007-3bd3a61720bc,1936-003
c13f2948-6117-44a9-bbcf-610f4a96052e,1936-004
dc7af748-b57c-4ec2-adbd-291db0c64b3e,1936-006
4c301cc8-72b4-4a38-b068-48fca5b696e6,1936-211
5b0bac12-9fba-460d-a187-6a50a89ee656,1937-001
58d435c4-d285-4eaf-86e0-b36a871177d3,1937-002
3c9333dc-2cd1-4559-ae76-7bb75721cfa1,1937-003
bcc82a23-4383-4e4b-bf1c-86c69f82950d,1937-004
17e201d0-1b97-427f-bf69-7029250a6f5d,1937-005
29e34be5-5746-4c93-b94a-2dab393fa13a,1937-006
6446deb4-fe22-434f-af40-d2724342fa20,1937-007
9034a91e-a063-4006-8372-d5a9ef45c2c9,1938-001
3be0322a-7822-4cb1-b4a9-dfdebc9d3513,1938-301
29d181e6-92bf-4798-8577-e0b33f577ec7,1939-101
10b03b6c-5d1f-46e2-8927-ce2f5592b1fc,1938-102
debcc930-a26a-4dc2-b86b-e046cdc8b175,1938-211
ad133996-deaa-462b-9a45-82f7cd592071,1938-103
477e5a0f-5e59-46eb-b8bb-c132dedb436a,1938-104
27483c5a-e4c5-4eb8-ad81-ffaeb22608c9,1938-105
74a64747-faa7-4c58-80db-0c83facb761b,1938-002
ce7da610-c291-47fe-87c6-94946227c9d9,1939-201
830bbc34-4eef-4248-9621-6c412f284e03,1939-004
e89950f7-b9fe-4814-b7c2-1ef66791f716,1939-005
0fa7e06a-22a5-4993-92b7-f175bd501859,1939-007
3ce58738-10e2-4653-8a7f-ac73d5e3175b,1939-161
2831bfdc-0bcc-46b1-be9b-c4061206e73a,1939-002
52a535c7-7c37-43df-99c1-b4e4a1b07f83,1934-1939
997d66ed-6f73-4aea-9ba9-d2c5da704b19,1939-401
c86af184-83a0-4b13-b28a-4d514b96082c,1939-402
c5e2b4df-14f7-4f9d-ad93-0c740d064a78,1880-204
050eaff0-434a-4dd1-8521-fef593359754,1884-001
164453f3-4105-4873-a269-8818cb7e1cec,1884-002
21f2a794-3539-4086-ba33-96c6a89b1cad,1884-003
e6a1c1e4-48fb-43cd-86d0-dc3f5ae84af2,1884-004
74df7648-2c1b-4565-93dd-3357cf293bd9,1884-005
c2aa3051-200c-484c-86fe-2defb73e2ab5,1884-006
3617c4fa-00d5-47a6-a823-7bbe64297aeb,1884-007
dff0c59e-886c-4d80-ab2e-f2bfff9fe0d9,1884-008
0d08c914-b8bf-4ac6-b7ba-ec8a36d9287d,1885-001
4a5583a9-3f90-4b95-acb3-c52fcb1f6cfd,1885-002
94ead4fd-2fcb-4789-8280-d9e67e98ab81,1885-003
dcecf0b1-9a05-4d7e-9276-22222e7138ee,1885-005
630ca5eb-ea9b-4f8e-9c00-8f5d29e75ee2,1885-004
9a305108-502b-494a-997d-ffa4c3ad0d99,1885-006
5b768c05-3733-4e86-bbe1-4a80848d950c,1886-201
dd053a0b-3f05-4327-9835-3f59382338e1,1886-151
5caaa1ee-90bb-4820-a981-22c18dea2074,-1886-152
458476e2-8169-482c-84ce-cb1740881cf4,1886-161
85c3a300-553f-4147-a706-6bee6ea67ff9,1886-121
cd62617b-0134-4ffa-9f14-4e7eb6915ada,1886-001
123ff7c7-6cfd-41e9-840d-3eb632f1921c,1886-002
41c66933-fd0f-41b8-aacd-881ea7113073,1886-003
83a75464-d2b2-47ca-85b0-e78b86ebc976,1886-004
d577137a-f9a4-4400-8d6c-80c6dba31970,1886-005
1ca90404-895f-4ffb-85c6-ee271d731b19,1887-131
f7b65988-1024-4545-becd-4b02661a2b78,1887-101
67a33643-020d-4348-821c-b5b27688010f,1887-132
3f00b79e-b6ba-4a13-a57e-730aa9d9230e,1887-001
32f4a1e0-9e90-433c-bdfd-244debbdc3b3,1887-002
48fa09e8-88f8-4a65-84ce-536c15621f57,1887-003
f5113be0-b1c0-48e8-ac35-5c254b8deff3,1887-004
847f6123-2322-4724-b34c-60bf74fbd09e,1887-005
349a9d36-8c5e-4374-88b8-16f3db218199,1887-006
37447384-cca0-4323-87cd-b2247f245d11,1887-007
a8009906-52a7-4bea-9339-b2db1d35c3da,1887-008
96da4506-8086-42a2-a222-a8116de77446,1887-037
51dd2900-4cc2-4aac-8616-760df0a12503,1888-201
fcb2a6c6-5536-4455-83a3-a515c975de5c,1888-001
fd504d30-af70-42a6-a651-e2f68972aaa9,1888-002
7a33cad0-0464-4f2e-82cd-5cabd9496040,1888-004
0c5bf0c1-90f2-4011-9778-e324abca0e01,1888-005
35ed178b-6e13-474b-b526-c8326966a2f9,1888-006
cfb51c2e-a939-46cb-80e7-92108ff146a6,1888-007
1292f6f2-4b28-4f41-b74d-4be2ba5637d2,1888-008
b51a760e-b2ff-4a15-9ed3-f10878079786,1888-009
95ca6893-d39c-4453-a4a8-69f501e52ad3,1888-013
196e6ce0-e23a-45f7-906c-b831a7bb9dc2,1888-028
40f37fdc-5376-4439-8c27-386e25aed6a6,1891-111
0d55b775-5e32-4d4b-aaa8-797bd3eb44bf,1891-001
f0c62f36-a8fe-4131-afe5-e0164d0b2559,1891-002
664f3b8d-b56a-4bcf-8335-21736aefe815,192-102
fcac000f-002b-4ccb-a74a-f0eef46953ae,1893-101
38449146-be1e-42f8-a173-b57c34f01c9f,1893-102
9a8925c5-4368-4a2d-88e0-98f7825b08dd,1893-103
852fd331-95c3-4768-ad65-b72801437af4,1893-009
3010b859-d857-4633-ad9f-9fa4fc5782d8,1893-010
b014c40b-3277-48a2-a50b-44a0ecb721db,1893-016
d3c0b0f4-1231-4b18-8419-013fb0c146d3,1893-017
f08a689e-9dca-4e5d-9bfb-4517f60b77ba,1893-026
b407eb42-5da7-4308-a88c-12dd6f3e13a3,1893-025
742e060c-afe9-4bd7-82d6-84b9c394fc06,1893-024
af9281ab-5502-490d-8ac2-fbb51cc6afb9,1893-023
a198165e-10d7-4c0e-bd86-0a3d94c959f7,1893-022
1d4efbf0-c390-4cfa-b332-00a593b3a9a4,1893-021
464e5f84-b7a7-4686-b61c-80f53a96f65d,1893-020
a2c03bbd-b5bb-46f9-bf50-fbf71a73b9f8,1893-019
c6db51a8-e385-4e88-998a-f8e35e423174,1893-018
26276c28-e837-4ea2-8903-eba7858d8c2a,1893-006
8a88d430-241e-437b-a771-63a4e314d028,1893-005
eb5a98ad-f612-45d8-acfe-9fc70bb60381,1893-002
5ed1f4fa-55a7-4d45-9455-a8a220f0936f,1893-003
d0147136-82a3-48c0-9560-c47f4a593eff,1893-004
fec4dc83-0782-4cb0-9b25-5c318da2239c,1893-011
8c6daa3d-9511-4cb0-bc3d-077a8234bf65,1893-012
0a8d1665-c512-4df8-b138-509c3bdbed78,1893-013
f26829ef-893b-4411-810c-3b2c1e23045b,1893-014
68c622fd-54c2-4895-a9f4-d43ab563de34,1893-015
84555b18-973a-42ce-a740-be9aeca4c506,1893-027
0252c5bf-9534-418e-b7b4-3872491946ae,1893-028
14276a8f-fc74-4a5d-a19f-7cae074e593c,1893-029
d07a982b-1206-47c9-86f6-6b73fc4c98ee,1893-030
145cbad1-cb87-47b1-8d90-6d490fd89277,1893-031
89cb42c3-79fa-46f4-9b58-f55b00b54f6e,1883-001
315b05cb-70df-41ef-8304-ea2c5712aeba,1883-002
8297663f-b5f1-4121-be3b-9f8cac5b5101,1883-003
cfa1f2f2-e990-4d28-b937-b425945c776c,1883-004
7e59e3de-8a48-409a-a6e0-fa40340264fd,1883-005
1bf3a69e-9c16-4b71-b91e-fa50fd90023f,1883-006
ee01aa8f-356a-4453-856f-c797680829da,1883-007
d7724770-43a4-4a33-a1fc-3eb896a6b2d6,1883-008
f1b465f3-63a9-43ce-a08e-1e35a3a9489c,1883-009
d0868a76-b6b4-48ce-ab9e-a3a6377192f3,1883-010
5372162b-19ae-486b-aeb5-e38c764aa649,1883-011
50c075ab-f66f-4c2a-9626-72db29b9fc65,1883-012
a51fbab4-7336-41f6-9362-2b4c8006d1eb,1883-013
9ca3d273-611b-49a5-996d-4978fdaf4f6d,1883-014
10a5fc8a-f129-467f-ab01-80ca4b9a0c19,1884-009
f6806c91-0921-473f-86a3-8ad74ff67eca,1884-010
7f1c2037-17d2-46ec-96af-e9d3e96aff76,1884-011
b07c666f-3ddf-4b3d-b206-cdd92fba1f4b,1884-012
f75baaa0-ada5-4a5b-a879-068bd3592608,1884-013
d98bd205-f8f5-4d9d-a082-c990b9aa61a6,1884-014
7175bc20-2a5a-4700-8f8a-bfea934ce261,1884-015
f20eb8f8-7f60-4382-9840-fdf4f3bb566a,1884-016
06bc292f-ad15-49c5-8059-819da1a201b1,1884-017
4fbd8a34-463e-452e-8ee5-c4f7c3db3841,1884-018
01d0c6f0-fd62-4939-99a2-8a070eaa700f,1884-019
1ee4de86-39c4-4821-83c5-db5ebc8a1f00,1884-020
0b6f6908-aaa0-407c-9696-b005d3f8e340,1884-021
4f2d8cf9-222e-4905-85ba-bbd8d92691d6,1884-022
89adde03-fc91-45a0-bd3c-0abaf69c458b,1884-023
6115d6ed-829c-40c4-a6fe-f347760acd21,1884-024
1f4d2154-f14d-40ab-8f39-0a720c032412,1884-025
0734233c-e3d7-4e5c-984f-68f5a3acbbdf,1884-026
7bbd7f20-d1ed-4a30-a1a8-e7bb164667a2,1884-027
0c318b7e-389d-4a4f-b3fd-cd1182fa11e8,1884-029
d74fcdd4-0f8d-40c5-a40e-418dce14fbc7,1884-030
19242aff-b508-4f57-9364-38116b32804c,1884-031
55df06d1-9f4f-4f5b-ba98-11dcf8b94c2e,1884-032
9a325fa8-861d-4777-b996-df964f2f688c,1884-033
2fcb0459-588a-424f-9b8e-866e32366917,1884-034
a5528ab2-ddcc-432a-ac72-7ad784e91954,1884-035
b1722b76-3823-4122-ba0d-43044bfa39b7,1884-036
b792faa4-a1d1-4242-80de-905aa72f17d7,1884-037
4bd7446d-be93-404d-b966-98afb450bed2,1884-038
e403f14a-e258-4e29-8bac-c252aca5c502,1884-039
8778df95-322e-4830-9fff-872a13ac265d,1884-040
4e217dfe-38ad-46e5-b031-4f7bbe8f7739,1884-041
5c9ff074-47f3-4590-96a0-e696b30e5278,1884-042
44101114-1919-49d0-bddb-414d9e92e9d5,1884-043
6b9da4ec-e1a4-429f-85db-49ac73d647e9,1884-044
a916ca0c-7acb-4fee-83a5-b89848829202,1884-045
4649896b-6dc0-4a1b-a5d8-88b6ac317eec,1884-046
7751f820-dc00-4412-a568-f804858185ff,1884-047
9a078945-8929-4e70-a3d4-4d9d7d838935,1884-048
47634532-8a8e-4f1e-b008-317cfe66f06a,1884-049
0d05e1dc-3966-4449-b916-e4b7bf895df8,1884-050
5711b854-7770-4251-9a29-ac4546cc8aae,1884-051
0ab865d0-ebe3-48a0-a817-24fe7b1e1c3f,1884-052
88159304-440e-4dbb-9cfb-93bab75e4fbc,1884-053
b84cd166-2339-4074-ad5e-3e0cdaca3012,1884-055
4421db53-2e71-4b96-954c-fee5e88fb7e4,1884-056
73e4e151-6337-4910-9bb7-0c526287baa2,1884-054
b0556bb6-7e9a-4452-a0d3-f35278ed3318,1884-057
a18ed3f1-e395-42bf-a19c-547c4850d4c8,1884-058
5c4ed98b-553a-43a9-9218-a55738e84058,1885-152
78dedd84-d8a7-4987-97f6-18414cb1a969,1885-153
0b9f8f98-f49b-48bc-9e36-745e6d1ea677,1885-007
a59e2825-3906-40c2-adcd-608aba506e3d,1885-008
8d7295ed-813a-4ebb-8834-569ed90bd60a,1885-009
51c19600-4d25-4e42-a57c-f7bcbe727582,1885-010
8e1fc379-0178-4854-96a1-9086aa7fec33,1885-011
b3eb4f89-9167-46fd-bca3-df0ed7f5d063,1885-012
6818e76a-aea7-44ef-bee9-1b5001755550,1885-013
726e11ee-d444-4e8f-90d1-428e25dbbe41,1885-014
2406b8cf-2d91-4159-bfad-54006b4faf2a,1885-015
29413c44-2c07-412a-91dd-4ad34860a443,1885-016
bbf7fb1c-be42-44fb-ae59-386199dc8a48,1885-017
98b6085a-bbba-4c76-8292-483f508cbee8,1885-018
3c07176c-7792-4404-92e6-5bd3d5819b8f,1885-019
30dff104-710d-48c7-a69e-603a72418bd3,1885-020
a21eda24-5e0c-4621-93f3-a08e4ca308b0,1885-021
dbbe7b80-0ed4-4fbf-980d-fd37c4f42d3f,1885-022
963375b6-7a03-4f6d-bca0-009cff21f169,1885-023
88bdbc21-20e4-473b-9e34-ac16c59e9fde,1885-024
f14bb753-0313-4a0d-90ef-772833aa26d5,1885-025
06f6e08a-a4ab-4e59-b7f9-cbc7703260f1,1885-026
2ff4c741-9fd2-4907-849f-5ab35a983a75,1885-027
c822211a-6354-4a65-afcf-584df82cfd44,1885-028
8d36a64c-7278-4b6e-ae25-bea711044d06,1885-029
4dd1946f-d03f-4569-8080-f4e033aa1b77,1885-030
bdbd9c02-5454-472b-a562-87cc56becbcc,1885-031
2aef4aa4-60d1-4eae-a387-7bdccbdb3ad2,1885-032
17c03387-f122-490c-a8ef-68b07ddb6b38,1885-033
f78c47eb-4078-43c2-b9ce-4fd4746a11ab,1885-034
8e490002-ee1a-4641-bfe4-8bbe81457ee7,1885-035
7b44d7d2-375d-403c-a018-8dd4f603f2a3,1885-036
c2527022-8726-45de-8a46-35ebdadfabee,1885-037
43526ae7-4085-4df8-8ccc-73bb6f8d7f9a,1885-038
1dbebf25-572b-4409-a214-e43d984a2c70,1885-039
4ec60b4e-ef34-4236-bf2c-3ce506191c15,1885-040
a217d824-8bcb-48a6-8dcc-9eca01602a3e,1885-041
0776c82e-137b-4890-8b80-d5a6d0944551,1885-042
a94b6ea7-f976-4d74-8e18-21d1742b36c5,1885-043
b3d3e584-a557-49d9-8206-976ec6f20e70,1885-044
5bdc5ac8-4070-464a-a70f-c357ca563bb0,1885-045
579571b5-0383-4689-a98c-11b54fe5f9d0,1885-046
487d689f-b6ca-4b90-8c8a-e5d9a90ee258,1885-047
10391a3e-d2df-4462-9c5f-cd144cde6271,1885-048
10a01757-5e17-4698-b68b-4790d6b058d0,1885-049
88cd026f-4830-43c7-9e66-2536f1b2750c,1885-051
c9f1a762-bbf2-475b-a24b-ec8d1f826788,1885-050
795bf6b8-c075-452e-b7ad-b70ec400ed4f,1885-052
f7c948ea-1a67-4c52-81ac-6980f37abed2,1885-053
22ab4df8-133f-4c5e-85e4-8ddbd7f49f06,1885-054
db451aee-2b4f-4508-90e7-a7ce188e6aed,1885-055
9ac6a013-3c59-443e-93ac-5a513588bbf5,1885-056
601c4176-25bc-4b32-a9f8-062c8d71ea27,1885-057
bf66f9f9-21b6-419d-aa8b-3c9ff9cfd09f,1885-058
9227e85f-517e-45b3-908f-d704e2310dc2,1885-059
c40b892c-1a45-4304-adb0-aa800339b017,1885-060
849399bc-e96f-4c59-85a1-1b6d163ca5f5,1885-061
8705e714-db0a-41a9-89f8-8cb85b528479,1885-062
3234122f-eaa6-4be8-84c4-0e4db9bd57cf,1885-063
e43d9571-f912-488f-a6f3-ff232bfc59c8,1885-064
bfb59957-9db2-4c6c-aa29-474c06dbd9b0,1885-065
37f1cf4c-fa1c-4b4b-821a-e4843e601d80,1885-066
e6fe8234-41b4-45df-8956-ea146c900bff,1885-067
63d5da06-a6bd-4278-abd4-cdab7f75e687,1885-068
e59ef415-a7c6-4b03-985d-ae969b87986e,1885-069
5206d56d-c86c-4c58-8559-b1b3d9d54bf3,1885-070
20e011e6-041c-4ea1-9ca4-30a210a0bee3,1885-071
ad5ba16c-cc53-4d0f-afb1-38d85e51df83,1885-072
249b1efb-4b3e-4ece-8135-55a7b1313700,1885-073
013dc21b-1387-4518-b5d6-9fc323817324,1885-074
6331c20d-9a65-4e64-a0c6-b7a87102fb21,1885-075
e749f3df-b869-425a-a770-7cd176e3a1be,1885-076
ef75eb67-0d9b-4d28-b076-8e1aa390e0f7,1885-077
7f16940e-4992-471a-9aed-63b4cdd08b8e,1885-078
89f11d60-2f5f-4bd4-afac-1889af782575,1885-079
463dc1d5-5fb4-428d-a22a-235a5286ff3c,1885-080
2877fbdf-b51e-4c35-a663-3851c1ab9069,1885-081
10666a3b-fcfe-4736-b1c2-b18bcd969377,1885-082
01a43e25-2dc4-43b2-823a-0922917e4901,1885-083
97864696-af39-4841-9b06-850c4bb0ad65,1887-009
3677f252-7dc1-42d6-85b2-d1959a28555f,1887-010
341b78ef-96f5-4653-9718-0f2f835b9f9e,1887-011
8c1287a0-6fee-4be8-b6ab-f05f9834be09,1887-012
56ffa7c2-ee2b-4bb6-82b3-65fbcfb8d2b3,1887-013
bff34a23-cd89-4b2c-9a5e-062b73fbf478,1887-038
27680ceb-536e-4e91-84b0-78d046e47769,1887-014
d487c7ac-73d0-4ea2-bfbf-057790a6201b,1887-015
249c4fcc-4cb1-4ab6-b0e5-be0b05dfca40,1887-016
766e52e4-0e08-466a-a2f5-b63831611a30,1887-017
f52d558a-3574-485b-94cf-6e62df70d449,1887-018
5ef88092-9429-4330-83fd-d3ffe99fad34,1887-019
da7b7163-1d5a-4c84-825d-455201d7f467,1887-020
2e10ac14-d8aa-4ce7-a457-6d5e9316bd74,1887-021
030dacae-bcf5-4914-8d83-41d90178a8d9,1887-022
ee147250-2c5e-4049-bb42-2a6512ee90b7,1887-023
0a00c85d-c21c-4abf-bd15-9de2fe0b3e2c,1887-024
b0a89b07-d549-4ccb-8dff-8bd5058e3fb8,1887-025
94386bd0-b50a-4f1e-a9f3-7b843cef4426,1887-026
9ce24a91-17bb-4b03-8096-2102fc99aeb6,1887-027
aed28392-9b89-4b8d-81d9-384ba392220d,1887-028
912ce2c9-56e7-492e-8d80-9d99c2b3f735,1887-029
76b8d307-d0a6-42c1-8410-e0f2ea2e1bcf,1887-030
2a292f53-0b10-4c45-96b3-f7a5783fe8d3,1887-031
bdc48dd0-5f8e-40e9-ba6a-56084dfee66f,1887-032
a14bbfeb-e057-43d5-a6e3-85f3d1fba57a,1887-033
52c7c820-b93b-4453-8fc7-b3b4f6d9de88,1887-034
3838d3d6-abf4-499a-8be5-0da572474b96,1887-035
c714ea91-94c5-43c6-84d1-60faa251b0e0,1887-036
288e5735-3a72-407d-bbf2-225742951a5c,1888-001.1
c16e8e77-8bd0-47b6-8718-13b8875a3c81,1888-001.2
455dc30a-42b9-48ee-b358-704c367844c7,1888-010
65ab7ad5-b5bb-470c-a9d0-965a541b4b5f,1888-011
c7774210-e71d-4190-987e-b89b1e96a80f,1888-012
4e60ec80-74e8-4862-84dd-3fc0cfa38073,1888-014
b6866bc4-41fc-4293-bf9a-5ce38f458321,1888-015
daa2a5d2-d94e-4722-9fd1-197a9e76b67c,1888-016
7fb4c635-47f0-4e1e-925e-f89c533cfdc9,1888-018
897ae7f6-0398-49dd-9c21-04e0d28946ab,1888-019
2ac4548d-ece1-470f-bde6-293aed093ead,1888-020
7002c84a-2b99-44c4-8a75-ff966977557d,1888-021
a604a8d2-b616-468a-8fb8-5d457dd72572,1888-022
1bd0c35e-5049-449b-98ac-76d180187eed,1889-001
42cd13be-f8fb-4366-9073-02b19669ddfb,1889-002
7e198d44-3a61-4b83-8dec-b74cc794b397,1889-003
a552a44e-2f64-406c-80cd-5aedde7f7bcb,1890-001
54cad90d-93bf-4a8d-89c0-a87ef62240bc,1890-002
07b1cd4e-0545-466d-aa56-5fb5335e498c,1888-023
6197d2be-8d13-4697-ad5f-69ee02898355,1888-024
1b55b53a-6218-45f5-a21f-b7036ee564b8,1888-025
116e954b-9c81-48ae-973f-f6b90b253162,1888-026
24e82adb-d1d1-41eb-8c08-75ed83c56ee1,1888-027
d6548596-6813-49ec-a5df-b7101acf65dc,1893-151
67911ec9-7ab9-4fb4-b582-1c0428dacc71,1893-001
aab16524-42ef-48c3-a309-26e2f7b6c2d2,1894-101
b8687a3d-e82b-438c-91e4-6ec96344e653,1894-001
5f3cd4ab-8eb3-4f03-bde8-fac163652fc1,1894-002
49688c89-42ec-41e1-a3c8-0cdc87b41129,1894-003
e994e66e-e8c9-46df-b7ea-eeb29c37cd5a,1894-004
2f88722e-b531-4ec7-8eb4-14b03618836c,1994-102
d4c6997c-6d20-407d-9aa8-0d8ead361378,1894-103
2f964c99-0cbf-487d-bd7f-2fbe8eb5c685,1893-032
474c1127-777a-466f-be41-a252d84910a3,1894-201
1bcdd5ac-d678-4644-9540-c921b50a3fdf,1894-033
0fd2fc85-0e11-4df5-8605-c096399db305,1894-034
0bdaac86-c93c-4a0c-98e1-2afe59f0e687,1894-035
9ddf23ca-ae4a-4744-9ae6-0a5c80d81c27,1894-036
4ba0d834-8cf3-47f1-8451-3fa500fa4a91,1894-037
bbf96ede-7571-42b1-aebd-84f4e4ffdfa8,1894-105
7c56fe1e-3508-4ce7-9cbf-fb6c9bc46687,1905-009
df44f817-af25-41f0-b61e-efaa28d74a0c,1906-131
c225082f-aa3f-411d-8f06-64bc3eae0373,1906-101
d46e042a-3543-47ee-aa6b-a579be006c5b,1906-003
cbb55744-a511-4aaa-a6b3-605ba01345fa,1906-001
0f09956f-b19e-4105-866a-ea906e75890e,1906-004
bc3e6f39-bb5e-44b1-90bf-46b50ef534d7,1908-001
19df351c-da11-4d6d-91d2-71bcb90fe28d,1908-003
3cea9e6e-b075-4162-87cd-33fe25f0b030,1908-002
f52b2498-1284-4b1a-8a76-7098d77c75d4,1907-004
8749a590-d14e-4ea9-92ad-eb818af88c83,1906-005
97becfb8-a9ed-4517-9b6b-00914d6e0ac2,1907-001
ac5b39e6-c108-4b2c-abba-bd6ea2636e22,1907-002
06ef8e57-4d21-4ac5-a193-5ec92b5cbf97,1907-003
c176ad6a-3993-444b-a00a-7ac1c7a20919,1907-101
27cd74a3-78ed-4ad4-b8b3-5a56820c45ae,1910-001
de198ea0-7e66-4575-a215-46f0a8cdd98a,1908-004
65458744-0f44-4010-88fe-adc9c97a2383,1908-005
d7e5843f-1815-44d2-a453-314acce30674,1908-006
f90abb79-74d3-4e92-9f6c-a7fcd9e02e7b,1908-007
3bf225e1-1b20-4950-8fb1-82472e6aa39a,1908-008
311c0255-c938-464f-a3b4-d61ed477ebb9,1909-001
f793fefd-73d6-464d-b1b7-f56b001c01b5,1909-002
1e4dbd62-12e7-4aaf-b3b8-2f7f0a7d0d0e,1909-003
71074c97-d77c-4e17-af78-c2891c2b2828,1910-002
e1e04f98-a66d-4fe6-bac4-1f7865287235,1910-003
4f26338b-dc2d-49e4-848b-67f6340cb4a9,1910-004
a4116aa9-7ddd-4edf-a149-2826ed22f64d,1910-008
852eee3b-9fe7-4db0-9d8a-27e3f5cfb357,1910-007
1838975c-8d2f-4898-85d0-81b4d06f6367,1910-006
9f4aba4e-e7d7-400a-9655-e9ca08b81cbb,1910-005
d70cfd94-3cf2-43e6-a9cd-c3a73e117468,1909-004
cba15fd5-5d0a-4829-bab5-45b4ca6530fe,1909-211
58e48256-4ca7-4823-9f07-f039613a7b46,1909-121
819a4ce8-bb97-4250-9bad-460b87d739a2,1909-161
08f48067-1299-4d03-b964-6ea24dd20467,1909-101
25ffb3ae-40bd-4d80-9034-9a0aa820cd1d,1912-001
bfc580e5-ed92-4244-92a6-f2e33220553a,1910-014
442f008b-398d-4467-b096-4a1cf5c783b5,1910-009
bf792e4f-e822-41b9-9da0-93333b4f0c3b,1910-010
77a4d41b-a7b2-4470-870f-c81f6c0bf834,1910-011
6afd9a17-9f36-44f7-bc36-cd8585a38e66,1910-012
401443f5-dc2a-41ab-bce1-260ab427c324,1911-101
10debd55-c210-4d14-8696-775780d132db,1011-102
88696021-7135-4fa1-8070-50ff991d9664,1911-201
a2705967-e054-4552-ab69-6457486eb605,1911-171
e1129748-11a6-4457-af59-de2b29984285,1911-001
b4fab2e0-bb40-47bf-8c35-d079d544932d,1911-002
0cc18cd9-b2aa-4e06-ad74-1a21bce69aba,1911-003
999e76b7-ad9d-4f29-8332-b95f387c831b,1911-004
e34909d9-a0bd-460c-8d84-856b2d59558a,1911-005
9d8e883f-f31d-479e-beca-3576af734dc4,1911-006
496c857b-26a9-4083-89e5-df7251dfb1eb,1911-007
18197d64-99e2-4cc8-b3ed-efe63d6bc8ad,1911-009
a2089ac3-2b23-45e7-bf75-d7ff01105076,1911-011
3c6aa617-552a-4f23-8428-cfbc431b9340,1911-014
2168d3ad-1aca-4e03-81f8-a9c6c157c576,1912-221
b3074934-fefb-417f-8aa4-7bd6c59182d5,1913-007
c7ac03f6-5c16-4ec8-9d61-4f912d89f0d0,1913-011
9f33dded-54a8-4d0e-b798-fd0c10d40ecd,1913-010
8c9d257a-5653-42c7-bdce-4981d882c895,1913-009
0126f145-4c31-46e4-b03a-5b408df2895b,1913-008
399d3fc4-d35b-4915-b9e5-f2b6ce0da395,1913-005
0c442ef2-1353-4ccc-acdc-ae7dc574c842,1913-003
0177b9fd-f0b6-49b0-a9cc-44847df4238c,1913-002
d1be1690-bfbb-4c3c-8d7d-551fb6e13a2e,1912-015
33c80383-45e9-4561-adcf-b7674fa1f695,1912-002
9723a65f-5493-4c44-aee0-09fb4448051f,1912-003
a3c2beee-00ac-4d37-84e6-db62c5e495cf,1912-004
c84193fc-5ff3-4a3b-b77d-d2ac0bd5be92,1912-005
3c72d149-6142-4fc8-8895-cf4744928811,1912-007
2c3260b5-e12e-428b-a40d-06745baf944f,1912-008
3e17ee35-8a08-4243-a6c2-0ed582cd9e2b,1912-009
e9c69ecf-a0d8-4874-95bc-490772495ea2,1912-010
acf79d19-7667-4bc0-98ea-fb74fa216eab,1912-012
f5864345-a8d1-4d2e-9a45-9ae7cc3e0fd0,1912-013
34c96a49-925a-4157-83b2-7875e1dfc151,1912-014
33681a81-ef4b-49b6-8053-a6e24046e81b,1913-101
9deefdc4-c0e9-478c-b976-f6c557aa92f7,1912-1913
73a58035-0022-4a44-afde-9de759d52050,1913-121
26165bfd-f302-4e47-b1d8-88815965276b,1915-005
03c697cc-f917-4f51-ad87-020c90625955,1913-012
d3f66353-b5e3-4cfd-964e-26c46524dcc9,1913-013
e646331c-11f8-4824-97b6-2d55883529bd,1913-014
97c997f6-42a3-40c4-9e20-2aa10367296d,1914-014
ca3faafd-738c-4e81-9747-a9acf7ed50b4,1914-121
823a1a44-eb53-472d-85a9-af48bb9ba589,1914-101
9ca53e2e-755c-40a5-97a7-69dc474acb9c,1914-122
311ee4d5-c625-473a-84a1-856e3b92a2e7,1914-102
a3bd251e-a305-47bf-b823-2c080ebb2983,1914-001
12143a66-9c58-46c3-b600-131bafb804ed,1914-004
0217cc0b-266a-433d-bc24-fa16576a95d3,1914-005
119bfd6b-3eee-42ec-a15c-ae963ea390cc,1914-002
60cb2c4e-be3f-4848-9d65-9a71437786e7,1914-006
ad1380b6-7b21-4eae-96b6-54eff3253fbf,1914-007
599aafe9-ec94-4d44-bcb4-d98ab5c16075,1914-008
55e64e4a-d8d7-4d81-ade9-37de3afde335,1915-101
006c3970-6ec4-494d-a524-dd05d89a0f01,1915-002
f8f290e7-0a66-4309-9594-99a43be3d094,>1915-002
7e324aaf-89c6-42c9-aa9e-272bf26cc30d,1915-001
f78dfa66-62a4-448f-b30b-4abedc4ae732,1915-003
7954c148-f9b1-44f2-861f-d030b86e3b4c,1915-004
4d231954-383c-42f7-8e17-031b7fef0aae,1918-001
a5f91702-b973-4017-b2fa-ac8d9c87a003,1918-002
820de8b5-1f1f-4e3a-a725-7cf0909d1cc5,1915-006
97aec7c5-ec8a-415e-9b01-8aa911132169,1915-007
705a3091-74d6-4738-9688-ce6fde6a9264,1915-008
5c7466ed-7073-4839-8812-563b77be6d24,1916-001
6df19890-7263-4dcb-b5b2-153bbb4fb552,1916-004
98717dcb-e6ac-4fc6-8691-3d573084c459,1916-002
3bfe4119-dc8e-4343-99cd-ecbcd6b25892,1916-003
cde45641-aab2-4c0e-9c88-77d4d4320f91,1918-221
e4148ba5-7740-4738-bdde-ff754d059d0f,1916-005
1a6edcde-f9e1-4a4f-9ca8-553e8a1183ed,1916/17-001
62b2f699-3b4a-474d-9a3a-4cadf6e93486,1917-001
cc06d1fb-4ff9-4a46-b060-f727a4969904,1917-002
d5ad30de-0b72-4ff9-ba14-408e2bdee8cc,1917-003
09d66e16-cf2b-4980-ab74-d616399118cf,1917-004
5520f758-5214-4acf-911e-02e5e8ac1dc2,1917-005
aa714cad-0cd0-4def-8902-72bb1d131c80,1918-211
662dca10-93aa-41e8-ba9e-841780717e6a,1918-131
b7487530-e1aa-43bb-9ea4-1852ebb625b3,1919-009
415a342f-7ba2-4122-9854-4d5784620196,1919-001
a7443986-23a5-4323-9503-6cf8828ed5c1,1919-002
5c997872-1b38-4322-8515-d60471378459,1919-003
6a1045ca-4cb9-42b6-be27-e863f49471d1,1919-004
3ee3221f-0c63-4d22-b911-b5fea2118c60,1919-005
4a130f2d-07c8-4823-a6c2-42051d7d4be3,1919-006
158d0608-5f98-4a63-8aa0-e28376cb012f,1919-007
13dedad2-c326-4325-9e46-dc598aa4c18f,1919-008
88e2beb9-e247-418f-9f57-2f9a873b2cc4,1919-010
c5ac6b74-01ab-4779-b374-1938a599c5d3,1919-011
1dbee846-4bd5-4a4d-a8b4-b11860dd71bd,1932-212
38cb84d7-21e0-492e-ab85-be2ea5698b21,1883-112
e8a8e7fe-f915-4dea-8ea2-86ea87dad955,1886-162
db36bd78-3943-4d91-a702-33351d619e36,1886-152
2c66da12-f383-4be9-a53c-9d814b700949,1886-006
4c6ad99b-fda1-4631-9065-1ee1ed424c4e,1891-006
75e2378f-4816-4ec2-afc8-101f190e22cf,1891-112
f4d82d00-b3e7-4352-a6a9-dc2b504ab28e,1892-201
9a534b01-e500-4cbf-9222-1d8a7d1ce6e7,1893-111
69a83f1d-b971-469a-9eb0-72494d59061e,1893-033
d294f1ae-5ffd-49d4-bb10-b3e933623c43,1893-034
cf9a6423-203f-432e-98e3-9dd978b0e29e,1893-035
c0b0d745-54d4-4a16-b0ba-d9892e83a057,1893-036
7704ba1a-a0c4-4364-82fc-605a8ce8f3b4,1893-037
9eba2062-3608-48f8-9793-a233d3932c69,1893-038
2f046b21-dbed-4308-9321-0faec9b6b55b,1893-039
5d9c04f7-07b1-4432-abba-3f8c86007855,1893-040
0b86ca2a-ee82-45cd-9065-88d206c6add2,1893-041
f153bb7b-6596-4798-ac7d-b8d02c183aa8,1893-042
65648459-d3f0-4bcd-a862-591b4a505068,1893-043
a9536971-d76c-4db0-bbe1-44b12ef56af1,1893-044
8dd4e2a4-aa1c-44ac-aef7-cf524eee51ee,1893-045
9a6d3888-e765-49bd-9aae-f5ee2b87bf9a,1939-006
33271a01-8173-4002-a908-3a5ef97c4d2a,> 1933
f723f333-2437-4d3a-9738-dc6a9b194fb8,>
bdf5a1da-44cb-4de1-a910-ce7ce5c3f9f9,>B
55d7d2dc-8a64-4a3d-9ed4-23297f751641,>[1934-1939]
bb6156a4-145e-4697-a55d-c38a0a4aead4,>[1933-001]
ff57af29-6cc8-46ff-867f-d013c19cb161,>[1900-001]
52581163-efcb-4537-bd68-3d717046d412,1930-010
340af570-2f2b-4b10-a7bf-0304e11c8805,1927-011
fcb0fa38-47cd-4d34-a1e9-b5cf21648f73,1924-005
6a88f60c-ef15-49f7-8565-75e938361638,1919-013
e3d9ad58-641a-41ef-8596-137d91a802d6,1919-014
d73d988d-e5d9-4dfc-bb82-410b3c28cfe9,1919-015
c114145b-5d7c-402b-85b9-27b830d1bf52,1902-103
ee15e498-0e30-48d7-b3bb-72968be6906e,1902-123 
bbf25049-7357-4467-b880-2fb79eb05e28,1904-01(V)
f5e5967d-1ba7-4b5c-861c-c68261281893,1904-121
191b750c-c935-4cfa-9685-afeeddcee2ed,>[1901-002/1904]
d42add89-e317-47b3-8f92-b5365d49688a,1906-006
9acd3f0e-a4a6-43fb-b4ea-88624d905246,1906-132
12e260be-cd81-47c6-b95d-6a0a4c58947a,1907-121
daffb797-baef-4487-8601-ac81fb49a9fe,1907-123
73005772-2342-4e0d-b1e1-36f91f508702,1907-122
61c58eb2-0cda-4eb4-bde9-93964262dcc7,1907-132
22944056-c833-41cb-a47d-6f4d2de7642b,1907-131
03406d33-a910-46f8-9834-ebc63daa3f00,1906-133
1ce6de8b-a98a-459d-976b-a3a0535343c6,1908-111
1fe9faa4-93ac-4905-8568-377848f097e6,1908-141
e0860283-21ef-4063-bb82-de888c131b3d,1908-142
553efe84-1dc2-4a3d-8a5f-ae2226926e35,1908-121
d3943837-8be7-4a22-8778-3da320b63241,1908-131
dbc3d0fa-2af6-4b27-b03c-a376fcb9c1d6,>[1909-004]
3c046c68-9dc8-400d-ad3d-818aae82fc2a,1909-131
2202e2e5-5af3-4f12-80f2-25cdbfa4d7bd,>[1900-001/1909]
7446205b-cfcb-496b-9560-8d90a1ed7d1d,1909-122
173fed62-a7d9-4ac1-8be8-94acebe7a4cb,1909-123
5e948292-e767-45f9-839e-fb8fdeecdff5,>[1895-010]
f15c3598-4768-4c3e-ae15-78f7d83c4ea1,1910-131
e90a3780-4375-409a-8ab7-ff7abd926146,>[1905-004/1910]
531e1f5b-11e0-4adc-b766-8096a1a34c9f,1910-000
a26f4fd2-7fe2-4c25-aca1-11ee8fa8d4ca,1911-102
a765ffa7-8382-45c8-97e3-f99d551d2131,>[1900-001/1911]
2eb86010-fe1c-413b-8388-591012811d16,>[1901-002/1910]
0f0ca1e6-94ec-4129-8dec-19989fd870c8,1911-008
bfb845f8-7776-4ac8-b673-28f21c7fd702,1911-131
1e8f8c51-b2f8-42f6-b8a4-686ecd68bd57,1911-010
7fdc1c42-d72e-4983-a0a5-73dc1ab629c4,1911-121
5188c5a9-6f9d-465b-b4b6-8a49f2696690,1911-000
49d0c94c-bfe2-49d7-97d6-6a279dd6b39c,1911-012
e62f54ff-8b20-4254-83e3-e47560ef5bd1,1911-017
677d60c5-880f-469b-a050-3b6730cb6889,1911-013
727202dc-ab55-4b65-ad73-2ac34974c25e,1911-015
e202a8d9-d6b1-4803-b0a2-7c868906e2d1,1911-018
900698ee-962a-44a2-a992-b4dd57015e0c,>[1901-001/1911
79a6c256-3449-421b-9557-03f592173561,1911-016
cb69f99d-fcf8-4031-aff7-f914229bd14d,1912-131
4d35f116-1aa6-4c69-b32a-921fbbdcb5ec,1912-006
f6bb4118-d4e4-4e3e-9078-b66b55667c46,>[1912-1913/1912]
0b706b9f-1107-4d9e-9066-e8635c475854,>[1907-001/1912]
e31ea22f-479e-4a3d-b371-b4244f1a0ca3,>[1898-1901/1912]
935ff74f-3666-4e81-9110-a9533b0c2459,>[1905-/1912]
b93d2f24-56d2-4fed-9d6e-18895a7dee8c,>[1910-001/1912]
c80cc7fd-3db9-428a-a609-d2ed417019f2,>[1905-003/1912]
e14981f5-bcd0-47df-9a0a-d99659feaea3,1913-102
1d72901a-7b87-40c5-a163-bd81a340cce4,1912-121
25b19245-aa82-4418-b807-074fbd174c33,>[1912-1913/1913]
8e5c4be3-d6dc-43cb-b69d-d11a7b97ffd8,1913-004
82e79024-9b28-4d21-afb2-be25d616ca73,1913-015
dc5bd0e6-7a9f-4b26-8c89-617effee3fd8,1913-131
2eb62483-ab2b-4aa7-b5e0-91a2cc47078e,">[1913-013/1913,1]"
b7b5bec1-9076-4998-8e43-5a4d4337eba4,1913-123
93c46177-0659-4386-a258-d907437dfe77,1913-124
e58bb226-dca3-427a-bcf6-c45813e4e805,1914-131
a49dc5a2-9cdc-40aa-9520-3f4f902a64cc,1914-123
12820848-c1b5-445a-b135-41d05f51a574,>[1900-001/1914]
5ae877de-b1fd-4b3e-a331-3b1f34b47913,1914-011
ec75350e-de39-4019-810e-b5d29780bf4e,>[1905-004/1915]
d0b8d83a-06db-4ef0-8f2d-81ed438187cc,>[1910-001/1915]
74e41127-caee-44bf-a245-abcc99a22e15,>[1915-004/1915]
653fb997-6773-40fa-a557-784fbcbf6655,1915-131
d0100a32-dde8-4bf0-9928-f5ad43e67209,1916-131
fcde2fc3-3e61-4b8d-98e8-1c82317544bd,>[1905-004/1916]
a565d438-7650-4193-bb22-7910bec78dd9,>[1901-001/1916]
9cc5e4e6-81ca-4a48-9f9a-a7df40938ae4,1916-121
ae64111d-7736-4d8c-981c-d6f48eb63817,1916/1917
cc02963f-0d65-420a-bfd5-974993d107b1,1916-1917
9a1a9a2b-64c2-43f1-b052-b1a44ae10b39,1915 -1917
bc83ffa0-c449-457c-ac11-8c60c189cf9a,>[1898-1901/1917]
b64efddf-a011-4a4a-a993-8bec103950a6,1917-121
67a80856-3580-4de6-94da-add8370f6ede,1916-1918
8fd03182-e484-45ed-9f45-629564581c96,<[/1918]
0df895a9-ba83-41f6-b090-b24616f735c0,>[1915-1917/1918]
19493fb5-27ae-4453-aeee-b259012b7ced,>[1938-131/1908-1918]
40d25323-460c-43a9-985b-fdeb650712bb,1919-131
7d1ea661-bcc3-4ae5-820e-33cf73034ca0,1919-301
3cf67ae7-7548-49fc-9917-0f2accb726aa,>[1898-1901/1919]
a78ff3d7-5691-4c28-b198-95ec30edc206,>[1910-003/1919]
d00cf601-96fa-4751-9318-97ab22868a14,>[/1919]
27605d2e-d736-4bc6-9db2-92ae1ba31c76,>[1900-001/1919]
6d1808fb-ddd9-489e-9a69-27d3b9e9762b,190-131
2817eceb-a70f-4ae3-bd78-344ccdb4f928,>[1920-131/1920]
e02d44c4-abbd-4a1a-8c62-70cad02ed1da,1920-161
11d2dc6f-13de-48b0-bec5-e186d43ba30f,1920-006
de6f2c1a-9fd0-40be-9f44-4e20c003b5e8,<[1905-004/1920]
8088bb41-4ff4-4beb-bf33-91ce3e5e502e,<[1905-004/1920]	
e8ee7637-fc76-4e3e-8168-35308dfed070,>[1898-1901/1920]
1b9c658e-e3b8-4760-b513-4b287084b1cf,>[1900-001/1921]
8bea2305-f763-4f14-acbc-2a54f7c34a99,>[/1921]
09266a38-6a4e-44f2-baae-490afdbb94f2,>[1920-006/1921]
d97b9372-a50c-4d10-a6e2-d34b74ff2d36,1921-131
89dfe62b-7c17-4546-8976-c7233eb2a891,1906-1921
e52ef662-55da-4f46-b93c-4fef0ce129e5,1922-131
64e7b4a1-1dca-4163-a861-c285a13951b2,1922-212
f80f51aa-9c3e-4449-8a22-1ee5597362dd,>[/1922]
6b90d344-85bf-4ad9-81d3-cb23138a94f2,>[1906-.../1922]
305e9335-72e4-419c-a092-4ce0785bf72d,1922-010
bbe7084d-856c-41a3-9fc6-5428f5d09888,<[/1922]
4de22a6d-b893-4b0e-bf9c-9a824235cae4,>[1900-001/1922]
13d0dd03-d92f-4416-87ab-e102a426bfbc,>[1898-1902/1922]
d952e65d-c2f1-4136-ae2e-a094e5ee66a3,>[1905-004/1922]
b73a1d10-b09c-43bb-88e1-835ad495d8b4,>[1915-1917/1922]
3662492d-3080-4388-aa62-4dfb65d37d3d,1923-161
d33cb2d1-d5c2-48d0-a0fa-dde6afaf7c87,>[1923-131/1923]
02dd6b55-dce8-42e3-8d81-64dde150de77,1923-141
1d462770-1888-4a23-8308-3503dfbc5d18,>[1898-1901/1923]
85fe8aad-079d-43ce-8bcc-e7dcf655fe59,>[/1923]
8a52422d-dcb1-4ae2-ba8e-a725a3a29d88,>[1920-006/1923]]
26c4ab2b-9482-448d-8411-72fb0a0dbd80,>[1921-001/1923]
ec1c60b3-4306-4532-818d-c810685fecb9,>[1898-1901/1924]
0cd67585-949e-4a1b-bd32-5c712aab0210,>[1907-001/1924]
6a93d497-929b-4ddc-bbf6-9e8d1b167ada,>[/1924]
b46951f9-7302-4dcd-a8ea-8b35eabfb1f6,>[1905-004/1925]
4fb8a3e7-a60c-482b-8a3a-4aa8c67de409,>[/1925]
97af28ea-73f5-4eb1-a667-7eb1e1660972,>[1926-011/1926]
53d987d6-10bb-4993-a794-80371a057268,>[1915-1917/1926]
6c08f8f6-c401-4d74-a236-71d73153d7be,1926-202
5f58a840-0b2d-4aa4-b4df-9c48dbfeca43,1927-001
4c07547e-f247-40f9-976a-166065be1c29,1927-007
de71a368-73d4-4f8a-8f3e-36a22b6a1aa8,1928-131
917d5871-a028-45a4-ac36-f487dc2923c9,>[/1928]
0a06c6ce-e599-4f32-9604-f3c8c41d39b6,1929-21
31226c5f-d5cb-402d-aaff-3f3b3a10eded,1929-215
c521f5fe-305c-46e7-ab34-dcec21eab1c0,1929-211
96e985f1-e462-4309-b9be-553f5b841a3c,1929-213
d7b0240b-f493-48c2-8b8a-44f030089746,1929-214
ff042699-8ac2-4f42-ac2c-d21f4b52cbe0,>[1898-1901/1929]
84369d48-313a-4212-bac8-2ba23bb6912f,>[1900-001/1930]
b01e46c8-5893-46a3-8511-4fbc8481ed0c,>[/1930]
bfab80d3-3aa7-4bf2-9675-794fa2d6e767,1930-05
99c9eb61-c0a7-4d99-8172-0ba450b0c443,1931-007
dce0a8de-217c-476f-9290-41fb32ec2d5d,>[/1931]
024e2e2d-62cc-4960-9c0e-5001190cd918,1931-101
72827cc9-2acb-4507-856a-9298fe5fb032,>[/1934]
b269e233-b194-4cd1-9505-fc68be1f2232,1893-1935
75ebde2b-7b17-4159-9819-a73f430723d0,>[1925-004/1935]
c31577ec-6257-4908-8df8-6c5a18c72888,">[1925-004/1935,1]"
1f16337b-3390-4adf-bc34-3cd8b04f0981,">[1925-004/1935,2]"
375d6d30-aa7d-4c9f-af9d-fdadcce30a46,1893-1936
308a8efc-c7e8-4f6d-b9ab-65fb70940c3a,>[1927-.../1936]
5ecaa843-7a6c-4cbe-b8db-26582986595d,>[1925-004/1936]
9a8780ec-adfb-43f0-8296-7be599a8bc28,1938-101
37151c78-1e1e-45e6-b5b7-1e80499ae4f6,1939-001
1b95fee2-3efc-4d9f-9381-8e8125650891,"1938-1939,1"
3094acec-d6da-490b-8212-518b8d24e78f,"1938-1939,2"
5d043de3-c7b6-4f22-bf91-7f75b7da47d9,>[1929-1938/1992]
15f73c89-bf1a-48a1-8173-2830a1456352,1938-401
0a005a36-a5c8-4ff1-a890-d8b3582fbe25,1938-402
2cd39f74-48bb-4287-87a6-66fea25a7eda,1901-402
13dbaecf-37d6-4e36-9d38-858d1f01fc75,1901-401
8e4545b4-bea7-4be7-851a-198681d98d8f,1902-401
e1ed03f6-050f-4959-8d33-a57aae45f2a4,1902-402
b3371e7d-3d0f-46d0-95a8-465b50358694,1902-403
cf4a0960-e91f-4c6e-8a80-8a4f530e7e1d,1905-401
8d3ba9ed-8787-4df0-82ce-821a9c11c645,1907-401
5ba6a4aa-e809-4ca2-8838-13ce0a25c85d,1907-402
d32eda86-587d-44e6-98a4-3942c5f89e5b,1907-403
f32fd31e-ee7a-4228-bdab-e18fca8ce595,1908-401
df20bbc6-c1ad-4977-b30f-5f95fca33e98,1909-403
14d28939-e753-4bed-ba21-d4a4979a455b,1909-401
4cd5d521-720d-4d8d-99e5-4fd52f60bb40,1909-402
c3ba5b8e-f7ad-41fd-ae3c-f47abb2dbcc2,1911-401
ff0c7c76-dc77-4f67-ad3d-a7797da7201d,1912-402
28226c38-54e6-4ae5-8700-4a667f186b69,>[1912-008/1912]
43638835-559c-4b7b-a681-2d50be0caab7,1913-401
74c03185-75a2-4149-b998-60d3fe9332d2,1913-402
e03085b8-fa7b-4a79-9663-2e39f7c086b4,1913-403
107d3a0b-3e0c-4be9-8d0e-29dbef517157,1914-401
ba128bf4-121e-4919-92d7-27241be625d1,1916-401
42695d05-84f0-4ede-9f7f-6f4c7fbbbf26,1917-401
d11f5063-f444-43cf-b50d-d3a8198d10ed,1904-402
011ee6c1-3da7-4fb9-a17d-35eceebde79f,1904-401
4ab3d802-8706-4fde-b269-26a50dc9d08f,1900-401
654c4f70-5813-4c20-a074-ca84f66562cb,1900-402
c605b92d-3833-4ba4-b98f-e239319c1005,>[1898-1901/1899]
b238e568-8a6b-4f29-ae7b-6c413f67dd63,>[1900-001/1897]
50ac4b0e-14dc-4a92-93f7-ada6c3e411e5,1896-401
2b348759-7c37-45e2-9781-9a31016ed783,1895-401
0ca80bef-526c-4470-b9ef-6abd75d2eb2c,1893-401
5e93fcf5-dc79-4199-8d83-4259ba2b8082,1892-401
a8ea9f1b-2c68-4d9c-908c-1dd6210162e7,1886401
721caee4-06ca-4dbd-8367-47702eb5fa89,1886-401
7caf6b65-c2e8-4f0c-b3b2-9ca3f17a4289,>[1898-1900/1898]
3e835ad4-6c50-43a7-9ee0-a030a45bcb41,>[1898-1900/1899]
e80ed575-f72a-4501-a8f5-7c47c0ce5bff,>[1898-1900/1900]
31fc8668-945b-4035-a83a-9e59892571c8,1898-1901
61df2fc7-99a7-4fb5-b969-a83f0d02dbc5,>[1906-131/1906]]
9d31cfda-dcb3-4a0b-8b5a-faa10a2b8725,>[1898-1901/1907]
d68974f5-6af2-48a5-961a-c4bfbb9d0f47,>[1909-004(1908]
6d38432c-5784-4940-8ef5-1c92c7f70b0d,1909-212
e61dcfd3-0e87-458e-bdc0-8febeea03632,>[1895-.../1909]
728a372b-0f43-4d3e-8246-0af8d1ee25d6,>[1895-010/1909]
1048d868-b54a-45a3-8773-b7589b3f4662,>[1900-001/1909]]
4f77d910-48ff-48ee-b884-5e1f6f69a4a5,>[1898-1901/1910]
0e3f6def-29a8-463a-8076-32e22ca80ba7,<[1900-001/1911]
b671e438-e7a8-4546-8b09-bdd4ec3e68a9,1913-103
7fe113fe-87cd-4b4d-a7de-06a327ad2fff,1913-404
d77fef3b-45fa-472a-8d25-70698cc9fad0,>[1913-013]
b3d8ccb6-abee-4aa6-9c9b-f1e4cd2d043b,>[1906-001/1914]
7339c652-4790-4d00-b8b7-5c9dd988ef5e,">[1915-004/1915], 1"
c38b0d7f-5fb6-4897-8e6e-e63d88ad999b,">[1915-004/1915, 2] "
528e58f8-0180-49b3-a56b-67f1d8184654,""">[1915-004/1915, 1]"
7a8b9e43-6c7e-464f-a7ac-1d16ca742339,>[1905-002/1918]
b92a8630-8caf-401c-919c-8b0f55b8467c,>[1918-131/1908-1918]
20e21d9d-847a-4fff-930a-99a7997e6fcf,1919-401
c5a7b082-80d5-4b0d-b42d-144a223fe9ce,1919-402
4748daa3-bd9f-45c9-ac6c-1a851dc761f6,1919-403
f88ef895-6ed0-4e42-9371-f543cb100402,>[1910-001/1920]
fd7261e5-47bc-494e-90f0-03d8bf13d26d,>[1912-1913/1920]
2f695126-1507-4394-82f2-26f04c759ae6,>[1915-1917/1920]
7bb94e14-6535-41c8-b160-c5280b9cbe7d,<[1912-1913/1922]
8002a596-45a6-4a19-a0d2-e2616e74b475,>[1912-1913/1925]
ce98efab-56d3-4298-867a-77cfd2e2a4b7,>[1905-003/1925]
4cba67dd-91c6-4718-8a65-e0a0c15c7de1,>[1912-1913/1934]
07d73bb6-ef9f-43cf-80d4-bb20d1dd79dd,>[1912-1913]
2c470e8f-41b2-47a4-b563-2ebd03109eb0,>[1895-010/1922]
b3bd885c-3d67-4a13-8852-999fca514db9,>[1910-001/1922]
b1f6c3f2-c545-4d55-83a7-cd1674fd6795,>[1910-001/1924]
a0bcd3f2-e2a7-4aee-b03c-fe7dbc64d10d,>[1910-001/1930]
4f6d2ed2-02d7-4c3a-9063-8182eb936845,>[1930-001/1931]
56f60119-a987-4dc4-9dc6-f9e13f7e17ef,1932-401
6b96c31a-6d5a-4429-80ea-d7a8daefcbfa,>[1915-1917/1934]
541f372b-52cf-4bcc-a64d-972ee6ea5417,>[1915-1917/1936]
5a90584f-3d59-4377-b197-27826b4268a4,>[19015-1917]
f5f36317-f97c-45dc-9131-0453c0d088a2,1894-102
ea9e4284-4c9b-4ac9-8909-0f67d1b64c63,1894-104
ef7f137f-1a8f-451d-ae83-e38bc4cd8764,1891-401
efe3a445-c0f7-4bca-b3d9-2a086dba318e,1891-004
8d6a3cd3-9931-44a1-9cc3-d6aa32c992fb,1888-017
44445209-70b4-4bae-aa91-58bea58bba77,1888-401
e93ee121-474d-4528-b868-5fe230c7a598,1888-402
9cb7fa44-c7a8-4b47-91c4-db4ac31ed32f,>[1884-003/1884.2]
1dcfd4be-e8c1-4211-9903-094033e0fa4e,>[1884-002.3]
be123731-6f6d-417e-8368-a6de924b0fe9,>[1884-002/1884.2]
02fd4e7d-0574-4d75-ab9c-04afe8fac7bd,1884-028
43886830-114a-4630-81b1-6cab1273e632,>[1920-007]
e8a779e5-06f3-4acf-8295-993ddddd2089,>[1920-006]
26439c33-a9ca-4bb4-9742-83c4fce5aca6,1882-1886.1
c6843cb8-f776-4af8-bb3d-bfa4423e312c,1882-1886.2
6d9805d3-dbe2-4bea-af80-cfb7995c0796,1885-1887
c4dfb909-9a28-4bc3-9582-61cd60824074,1909-1910
e3fbe34f-8833-41a5-b299-b7ff2c3c5fb4,1904-1905
0537ad54-2643-44d8-8599-c22c2e271e96,>[1909-004/1908]
a8eca2c6-6bd1-48eb-9000-e420aa22ca9b,1908-101
e4662bcf-0435-40ff-9325-063450e52029,>[1909-161/1965]
9177a641-0ceb-4412-b5b1-0fef1b90c2bf,1912-401
19f5c93b-f69c-4c54-8d1e-f1b5d516a603,1926-141
72560b86-2755-438c-a31c-8e0a40d7e1af,1931-141
531e0399-8f38-48a1-9744-4e1b992e4ded,1931-401
01c0ce7a-84ba-4aac-81a5-ebdc1268a9c6,1909-141
12ac8684-621d-48e6-b07f-ef117f05332a,1918-141
89e7b3a4-b158-4312-a545-76bdc57b47a4,1888-0401
1a03f390-f80f-4840-a48a-08dfc97e2968,>[1915-004/1915.2]
88bd3716-cb21-4c54-91b8-e44c6c626f16,>[1915-004/1915.1]
fc5c9a9d-9208-44c4-b566-4563a3b062f3,>1917-004/1915]
02fded2a-d9ba-4af3-97d3-7ab2640a0347,1896-121
5c5db3f7-cd73-4842-9e60-cf57e32e599c,1938-181
3590ec59-5412-4a36-9361-57a8c88dd5a7,1907-301
262d6ef9-4c87-4fe7-a2d6-57bb0998cfad,1912-501
18737843-955e-4ec6-b4db-1e837fd2e6a4,1893-121
03b2e2bb-40a3-4071-bad2-272f1834c073,""">[1913-013/1913.1]"
a2ae2bdc-a837-46ab-88dd-6b3536359ebe,1926-121
83196ed8-83d8-41b7-a910-bdb0cac3003b,1930-121
17adda76-8649-479a-b996-1139e5b63089,1888-099
7aea3b67-77b2-4cd9-98c0-dbaaa0154e31,1915-231
6fd03196-bc32-4688-b43d-56a4cea2ec8f,>[1900-001/1896]
c800edcc-42d3-4617-9aef-ec0a155b120a,""">[1925-004/1935.2]"
1a7f737e-c05d-47b0-9b9b-0bfd1658fd6e,""">[1925-004/1935.3]"
74a9221b-f2a5-4f09-85a7-c1796e1aebdf,>[1925-004/1935.2]
f5944f31-ac27-4465-8ff3-61933cbe353c,>[1925-004/1935.1]
734cb05e-3031-4c15-911d-58ad956ef782,1939-099
a70daef5-f31f-4306-a8f6-4758c7eea07c,1939-098
24e8c972-135a-47c3-bee7-d71630fd3f20,1939-99
309baf46-5081-4a0a-932d-2d5d523b642f,1931-099
ce7d7dcc-ebf3-4d1c-be8c-9fe19df67db2,>[1910-003/1923]
adf161dc-9345-4ea4-9f96-7dba05311a32,>[1901-001/1921]
7c87bdc8-df51-401f-9edd-08c6933e48ca,>[1905-003/1921]
8dc4bc28-df9d-496a-b05c-78757ecf1997,>[1906-001/1922]
1c69d0c6-2b44-4b65-94d2-0cde22a7825d,1886-161.1
84134d9f-a890-46e0-913d-f2df7b310bf0,1882-162
a0cb183d-83ea-4d8e-b1cc-90de3e84081b,1936-161
f0c22f3c-24f6-4580-b479-8474e6de3ee1,1938-161
2c17b4f9-0666-4eaf-80f1-d7aa09fffdd9,1939-162
3bb89865-ad69-4eb9-8079-81c41ad0c7bc,1939-163
11cbc452-e2f7-4a9b-9ca2-36e149c89e8d,1900-
64e0299d-598b-46a9-be75-621f1b66e63b,1900-002
f9253777-2d53-4582-bae3-c16b3a45189a,>[1900-002/1898]
c2bfdfa7-cbad-4c16-bd0b-9e1042099fc2,>[1900-002/1899]
bed0b397-80c6-4a05-9ea7-171a41b77dc4,>[1901-002/1907]
3b0d3856-7e9d-4804-b6ac-9225efa30a84,>[1901-001/1910]
f8703ef5-25e2-4d79-a1e3-1b72f06da9d1,>[1901-002/1912]
f8aa59bb-bfd3-4885-87c3-2b8b130d5cad,>[1901-002/1917]
1adb07b5-b0e9-4bd6-a6cf-13f3e5be70be,>[1901-002/1929]
2a2a40e3-d299-4cad-b94a-ea0b1f403cf1,>[1901-002/1919]
75ba8568-b78d-4a3d-a648-92481f9dd861,>[1901-002/1922]
670530d4-43e4-4791-bc14-b2a15e942fae,>[1901-002/1923]
94c99681-f52f-4177-9086-8beb07d7d933,>[1901-002/1924]
073bb95e-d3ee-4f35-b0a0-a341e6d71206,>[1901-002/1898]
ce8eae1c-b02b-45a4-b0ef-019379ae9bd8,1923-101
b8399195-68cb-4a8e-877f-223d3ea4785b,1924-111
59f814cf-6b93-44f7-b581-685ffea4b7d5,1895-111
ae96b837-339e-4aed-b96a-28e448c12b5f,1907-231
17afdd45-668f-4244-8884-39e1b1ba083f,1907-232
97aa6ae5-d84d-43de-8938-263f5cc0bd15,1896-111
7feeb375-1d99-4438-bb50-ff1b2740ceab,1923-111 
86b302bd-dd54-4626-b768-841c01b0a37d,1900-241
4e2b358c-2ac8-424c-bd00-1aa6c79f896c,1900-242
777cbe4b-f6f7-45f5-9959-1d9f14240e76,>[1920-006/1918]
2540beae-dab5-40a3-b3ae-bdbd9026676d,>[1888-201/1896]
25684de0-b549-4e31-ba2b-cb9ace32bdf8,>1914-002/1927
cb7ed22b-1501-407c-8bf2-620300f70453,1913-001
4e7272bd-bcac-456f-963e-d1826f577f8b,1930-012
74d8dfea-f5d4-4c11-9ca2-7f31b0f25213,1930-161
f54fe22d-f664-4b46-9eb6-53c94f6d8209,>[1909-002/1922] 
131a7cb4-d868-4d12-83db-38db83768e5b,>1882-001/1881
df84173e-51b4-4fc0-b8e7-16ce9b71cb2b,>1884-007/1885
97d4ca42-1ff2-41bb-aa2c-b06d1148fc4c,1885-154
7c86fe65-c0ae-4a88-999f-33359043e0c4,>1888-201/1888.2
cbc5213f-4d44-4fdc-935c-57276789af59,>1888-201/1888.3
16a92774-2844-4e8a-8f52-2905293b7c87,>1888-201/1888.4
e9a0eeb4-0a15-44bf-b137-9fd1e7ff5eb9,1892-XXX 
42654412-17dc-4daf-92a8-f1177f0be947,>1895-010/1893
b0621698-802e-46cf-87e8-99318ef32162,>1895-010/1893.2
fc12ae36-2138-44f7-9a13-d9e4c5fe0772,1901-122
27d3db19-e433-40af-9b31-202d68b04c10,1902-123
d9a4ac1a-b5ea-46a7-b025-ce719e9b3dff,1907-124
80acf578-ad5f-4a3d-b46c-7943212dd7a8,1893-104
c2af3bba-0d0a-4fdb-a415-5fb914ecfc29,1896-102
3f4f764a-b53d-4d99-a84f-1e60e1bf8efc,>[1905-004/1920]
9a653b3d-f386-44d0-b4b0-1e95124ecf02,>[1912-1913/1922]
e55ac5a5-fc1e-441e-9141-71870d460832,1921-301
2bb21661-e169-491d-9d89-6f02f5587506,1918-301
7f0b177d-e0b6-4bf3-a7fc-92219ccfd2ae,>[1905-009/1906]
baa5b07c-6f62-4257-9aab-26b9b8a0cff0,>[1906-131/1906]
4a97a3a1-b310-4d3a-8078-8129020c623c,>[1905-009/1908]
8659b18e-a8ea-4ca8-83d2-fd68967844ce,>[1905-009/1911]
457b4fe3-3078-434c-ac54-d9e7323d40c4,>[1905-009/1912]
01fa6a0a-142f-434b-9f0a-efff523b4fb3,>[1905-009/1914]
531f00eb-b325-42b6-a8a6-d1f9adff9927,>[1905-009/1922]
593e66e1-0def-49ca-afd6-0e1d093f72ef,>[1905-009/1928]
e34165fb-a755-4efb-b0e5-e748ef995dd1,>[1900-001/1910]
beabc40c-45d0-4425-bc6e-8957a8392268,>[1900-001/1911.2]
7a596f94-46aa-4dbf-b3af-a9ffcd89cb4d,>[1901-002/1911]
7b7ee1ce-e87e-4e9c-8f73-3a71af9d1ad0,>[1900-001/1914.2] 
e051d2c7-bb27-435a-abd9-64635c0261a0,>[1926-007/1927]
76d0f75f-780e-429d-a5cf-47f141fc7eb0,>[1939-003/1939.2]
82b14fe8-e016-48dd-b682-ec076811c222,1918-161
17400368-71e4-4172-981e-e99120dbc8c3,>[1910-003/1909]
c7d1005b-7fa1-46cb-af30-d33acb5fbbc0,1914-103
efe34722-7d80-49ad-8bdb-33c3763ac1f2,>[1939-161/1992]
291e6f6c-b15b-4c91-9cda-5fa0e40db4f4,>1886-201/1886.1<
e18db779-42d6-4b7e-be18-28fbb0213fcf,">1886-201/1886.1,2<"
253e0919-2290-44c5-a640-d45da7d95829,>1886-201.3<
813c0b2b-4900-43de-a332-4aa4bccc18bc,1918-004
51eb035c-3d73-4a0d-8321-ab2ab4ce5315,1918-003
33d41f4e-597d-4523-bedc-46cba38ce5f0,>[1913-013/1913.1]
e86c370d-ca8a-452e-ace2-bb1114e796df,>[1910-003/1912]
87cac440-17be-4a48-a6a4-22bed0a22b83,1921-302
42af2208-2c16-4b64-ac0a-0e63aaa703b9,1909-102
7ea8ef66-6c37-428e-9404-9dea4b136490,>1925-002
53791ff0-cc1b-469b-9149-ced0ef27cc81,>1886-201/1886.1
cb7291e2-7d2b-4bc9-a86c-303fe8b2c844,>[1909-004/1908.02]
71baed3a-9fa2-43d8-a5c9-39df3960e8a9,1898-R02
74ca9bed-91fe-4654-977e-dc6bf2e538cc,1911-103
39e5dc1a-d59d-4650-b3bf-6d3d814fe73c,1915-102
b6b8af71-ee4b-4a43-9617-2ccb5011b31c,1914-104
3e77865e-ed23-4eb7-8c2c-d3035f18e6e8,1887-103
15b3a2dd-a4a4-4214-b5d5-85ed9ce1d167,1887-100
631ad83d-3f65-4d5d-939c-c856093cefd9,1897-100
